algoritmo,instancia,vertices,arestas,otimo,resultado,inicio,fim
guloso,anna,138,493,0,11,2023-02-22 23:21:25.531310,2023-02-22 23:21:26.555160
dsatur,anna,138,493,0,11,2023-02-22 23:21:26.555180,2023-02-22 23:21:27.174465
rlf,anna,138,493,0,12,2023-02-22 23:21:27.174469,2023-02-22 23:21:27.175066
guloso,anna,138,493,0,12,2023-02-23 01:02:12.498937,2023-02-23 01:02:14.100725
dsatur,anna,138,493,0,11,2023-02-23 01:02:14.100731,2023-02-23 01:02:14.928728
rlf,anna,138,493,0,11,2023-02-23 01:02:14.928734,2023-02-23 01:02:14.929456
guloso,anna,138,493,0,11,2023-02-23 02:45:49.769721,2023-02-23 02:45:51.209800
dsatur,anna,138,493,0,11,2023-02-23 02:45:51.209806,2023-02-23 02:45:51.903996
rlf,anna,138,493,0,12,2023-02-23 02:45:51.904001,2023-02-23 02:45:51.904737
guloso,anna,138,493,0,11,2023-02-23 04:29:46.481373,2023-02-23 04:29:47.992041
dsatur,anna,138,493,0,11,2023-02-23 04:29:47.992047,2023-02-23 04:29:48.778413
rlf,anna,138,493,0,12,2023-02-23 04:29:48.778420,2023-02-23 04:29:48.779128
guloso,anna,138,493,0,11,2023-02-23 06:14:51.516878,2023-02-23 06:14:52.913065
dsatur,anna,138,493,0,11,2023-02-23 06:14:52.913070,2023-02-23 06:14:53.955996
rlf,anna,138,493,0,11,2023-02-23 06:14:53.956000,2023-02-23 06:14:53.956713
guloso,anna,138,493,0,11,2023-02-23 07:58:49.745483,2023-02-23 07:58:50.950495
dsatur,anna,138,493,0,11,2023-02-23 07:58:50.950500,2023-02-23 07:58:51.853037
rlf,anna,138,493,0,12,2023-02-23 07:58:51.853043,2023-02-23 07:58:51.853749
guloso,anna,138,493,0,11,2023-02-23 09:42:35.367087,2023-02-23 09:42:36.918869
dsatur,anna,138,493,0,11,2023-02-23 09:42:36.918875,2023-02-23 09:42:37.937614
rlf,anna,138,493,0,12,2023-02-23 09:42:37.937623,2023-02-23 09:42:37.938347
guloso,anna,138,493,0,12,2023-02-23 11:26:32.581373,2023-02-23 11:26:34.104136
dsatur,anna,138,493,0,11,2023-02-23 11:26:34.104141,2023-02-23 11:26:35.099720
rlf,anna,138,493,0,11,2023-02-23 11:26:35.099724,2023-02-23 11:26:35.100451
guloso,anna,138,493,0,11,2023-02-23 13:11:11.125023,2023-02-23 13:11:12.343635
dsatur,anna,138,493,0,11,2023-02-23 13:11:12.343641,2023-02-23 13:11:13.106978
rlf,anna,138,493,0,12,2023-02-23 13:11:13.106984,2023-02-23 13:11:13.107688
guloso,anna,138,493,0,11,2023-02-23 14:55:32.948813,2023-02-23 14:55:34.199475
dsatur,anna,138,493,0,11,2023-02-23 14:55:34.199480,2023-02-23 14:55:35.171821
rlf,anna,138,493,0,11,2023-02-23 14:55:35.171827,2023-02-23 14:55:35.172557
guloso,david,87,406,0,12,2023-02-23 16:39:20.672303,2023-02-23 16:39:20.833760
dsatur,david,87,406,0,11,2023-02-23 16:39:20.833766,2023-02-23 16:39:20.929338
rlf,david,87,406,0,12,2023-02-23 16:39:20.929342,2023-02-23 16:39:20.929698
guloso,david,87,406,0,12,2023-02-23 17:07:00.780842,2023-02-23 17:07:00.916219
dsatur,david,87,406,0,11,2023-02-23 17:07:00.916223,2023-02-23 17:07:01.015202
rlf,david,87,406,0,12,2023-02-23 17:07:01.015206,2023-02-23 17:07:01.015548
guloso,david,87,406,0,12,2023-02-23 17:34:38.303415,2023-02-23 17:34:38.450342
dsatur,david,87,406,0,11,2023-02-23 17:34:38.450355,2023-02-23 17:34:38.552332
rlf,david,87,406,0,11,2023-02-23 17:34:38.552339,2023-02-23 17:34:38.552720
guloso,david,87,406,0,13,2023-02-23 18:02:07.174838,2023-02-23 18:02:07.316748
dsatur,david,87,406,0,11,2023-02-23 18:02:07.316753,2023-02-23 18:02:07.406021
rlf,david,87,406,0,12,2023-02-23 18:02:07.406025,2023-02-23 18:02:07.406358
guloso,david,87,406,0,11,2023-02-23 18:29:58.819364,2023-02-23 18:29:58.998930
dsatur,david,87,406,0,11,2023-02-23 18:29:58.998935,2023-02-23 18:29:59.091262
rlf,david,87,406,0,12,2023-02-23 18:29:59.091268,2023-02-23 18:29:59.091624
guloso,david,87,406,0,12,2023-02-23 18:57:27.084051,2023-02-23 18:57:27.260198
dsatur,david,87,406,0,11,2023-02-23 18:57:27.260202,2023-02-23 18:57:27.353750
rlf,david,87,406,0,12,2023-02-23 18:57:27.353756,2023-02-23 18:57:27.354131
guloso,david,87,406,0,13,2023-02-23 19:25:01.117317,2023-02-23 19:25:01.284870
dsatur,david,87,406,0,11,2023-02-23 19:25:01.284875,2023-02-23 19:25:01.375100
rlf,david,87,406,0,11,2023-02-23 19:25:01.375106,2023-02-23 19:25:01.375458
guloso,david,87,406,0,12,2023-02-23 19:52:36.861272,2023-02-23 19:52:37.020813
dsatur,david,87,406,0,11,2023-02-23 19:52:37.020818,2023-02-23 19:52:37.113904
rlf,david,87,406,0,12,2023-02-23 19:52:37.113908,2023-02-23 19:52:37.114247
guloso,david,87,406,0,11,2023-02-23 20:20:12.389974,2023-02-23 20:20:12.562580
dsatur,david,87,406,0,11,2023-02-23 20:20:12.562586,2023-02-23 20:20:12.651041
rlf,david,87,406,0,11,2023-02-23 20:20:12.651044,2023-02-23 20:20:12.651419
guloso,david,87,406,0,11,2023-02-23 20:47:30.945423,2023-02-23 20:47:31.092938
dsatur,david,87,406,0,11,2023-02-23 20:47:31.092945,2023-02-23 20:47:31.185516
rlf,david,87,406,0,12,2023-02-23 20:47:31.185522,2023-02-23 20:47:31.185887
guloso,games120,120,638,0,9,2023-02-23 21:15:13.421912,2023-02-23 21:15:13.827883
dsatur,games120,120,638,0,9,2023-02-23 21:15:13.827888,2023-02-23 21:15:14.121057
rlf,games120,120,638,0,9,2023-02-23 21:15:14.121062,2023-02-23 21:15:14.121685
guloso,games120,120,638,0,9,2023-02-23 22:57:51.169050,2023-02-23 22:57:51.539248
dsatur,games120,120,638,0,9,2023-02-23 22:57:51.539254,2023-02-23 22:57:51.864888
rlf,games120,120,638,0,9,2023-02-23 22:57:51.864893,2023-02-23 22:57:51.865548
guloso,games120,120,638,0,9,2023-02-24 00:41:01.759002,2023-02-24 00:41:02.155515
dsatur,games120,120,638,0,9,2023-02-24 00:41:02.155522,2023-02-24 00:41:02.457458
rlf,games120,120,638,0,10,2023-02-24 00:41:02.457462,2023-02-24 00:41:02.458065
guloso,games120,120,638,0,9,2023-02-24 02:24:58.169884,2023-02-24 02:24:58.570488
dsatur,games120,120,638,0,9,2023-02-24 02:24:58.570494,2023-02-24 02:24:58.890289
rlf,games120,120,638,0,9,2023-02-24 02:24:58.890293,2023-02-24 02:24:58.890911
guloso,games120,120,638,0,9,2023-02-24 04:08:27.425038,2023-02-24 04:08:27.848534
dsatur,games120,120,638,0,9,2023-02-24 04:08:27.848550,2023-02-24 04:08:28.164474
rlf,games120,120,638,0,9,2023-02-24 04:08:28.164480,2023-02-24 04:08:28.165118
guloso,games120,120,638,0,9,2023-02-24 05:52:01.089717,2023-02-24 05:52:01.501603
dsatur,games120,120,638,0,9,2023-02-24 05:52:01.501608,2023-02-24 05:52:01.802236
rlf,games120,120,638,0,9,2023-02-24 05:52:01.802240,2023-02-24 05:52:01.802868
guloso,games120,120,638,0,9,2023-02-24 07:35:50.278647,2023-02-24 07:35:50.668982
dsatur,games120,120,638,0,9,2023-02-24 07:35:50.668986,2023-02-24 07:35:50.963817
rlf,games120,120,638,0,9,2023-02-24 07:35:50.963822,2023-02-24 07:35:50.964444
guloso,games120,120,638,0,9,2023-02-24 09:19:16.641363,2023-02-24 09:19:17.027591
dsatur,games120,120,638,0,9,2023-02-24 09:19:17.027596,2023-02-24 09:19:17.320440
rlf,games120,120,638,0,9,2023-02-24 09:19:17.320446,2023-02-24 09:19:17.321093
guloso,games120,120,638,0,9,2023-02-24 11:02:45.250914,2023-02-24 11:02:45.659306
dsatur,games120,120,638,0,9,2023-02-24 11:02:45.659311,2023-02-24 11:02:45.991968
rlf,games120,120,638,0,9,2023-02-24 11:02:45.991972,2023-02-24 11:02:45.992591
guloso,games120,120,638,0,9,2023-02-24 12:45:44.082125,2023-02-24 12:45:44.483630
dsatur,games120,120,638,0,9,2023-02-24 12:45:44.483637,2023-02-24 12:45:44.812201
rlf,games120,120,638,0,9,2023-02-24 12:45:44.812206,2023-02-24 12:45:44.812812
guloso,huck,74,301,0,11,2023-02-24 20:44:55.189698,2023-02-24 20:44:55.257215
dsatur,huck,74,301,0,11,2023-02-24 20:44:55.257220,2023-02-24 20:44:55.305713
rlf,huck,74,301,0,11,2023-02-24 20:44:55.305721,2023-02-24 20:44:55.306030
guloso,huck,74,301,0,11,2023-02-24 21:02:14.400973,2023-02-24 21:02:14.488184
dsatur,huck,74,301,0,11,2023-02-24 21:02:14.488190,2023-02-24 21:02:14.523561
rlf,huck,74,301,0,11,2023-02-24 21:02:14.523562,2023-02-24 21:02:14.523828
guloso,huck,74,301,0,11,2023-02-24 21:19:02.422659,2023-02-24 21:19:02.497485
dsatur,huck,74,301,0,11,2023-02-24 21:19:02.497490,2023-02-24 21:19:02.537725
rlf,huck,74,301,0,11,2023-02-24 21:19:02.537728,2023-02-24 21:19:02.537989
guloso,huck,74,301,0,11,2023-02-24 21:35:58.947326,2023-02-24 21:35:59.019937
dsatur,huck,74,301,0,11,2023-02-24 21:35:59.019942,2023-02-24 21:35:59.063204
rlf,huck,74,301,0,11,2023-02-24 21:35:59.063207,2023-02-24 21:35:59.063479
guloso,huck,74,301,0,11,2023-02-24 21:53:01.882568,2023-02-24 21:53:01.959822
dsatur,huck,74,301,0,11,2023-02-24 21:53:01.959827,2023-02-24 21:53:02.003063
rlf,huck,74,301,0,11,2023-02-24 21:53:02.003064,2023-02-24 21:53:02.003348
guloso,huck,74,301,0,11,2023-02-24 22:10:04.182427,2023-02-24 22:10:04.238101
dsatur,huck,74,301,0,11,2023-02-24 22:10:04.238105,2023-02-24 22:10:04.278358
rlf,huck,74,301,0,11,2023-02-24 22:10:04.278360,2023-02-24 22:10:04.278643
guloso,huck,74,301,0,11,2023-02-24 22:27:01.950305,2023-02-24 22:27:02.026008
dsatur,huck,74,301,0,11,2023-02-24 22:27:02.026012,2023-02-24 22:27:02.066718
rlf,huck,74,301,0,11,2023-02-24 22:27:02.066721,2023-02-24 22:27:02.066997
guloso,huck,74,301,0,11,2023-02-24 22:43:52.702789,2023-02-24 22:43:52.769893
dsatur,huck,74,301,0,11,2023-02-24 22:43:52.769898,2023-02-24 22:43:52.803947
rlf,huck,74,301,0,11,2023-02-24 22:43:52.803949,2023-02-24 22:43:52.804218
guloso,huck,74,301,0,11,2023-02-24 23:00:51.108396,2023-02-24 23:00:51.160346
dsatur,huck,74,301,0,11,2023-02-24 23:00:51.160350,2023-02-24 23:00:51.201527
rlf,huck,74,301,0,11,2023-02-24 23:00:51.201532,2023-02-24 23:00:51.201816
guloso,huck,74,301,0,11,2023-02-24 23:17:58.982848,2023-02-24 23:17:59.053999
dsatur,huck,74,301,0,11,2023-02-24 23:17:59.054004,2023-02-24 23:17:59.099252
rlf,huck,74,301,0,11,2023-02-24 23:17:59.099254,2023-02-24 23:17:59.099548
guloso,jean,80,254,0,11,2023-02-24 23:35:20.273661,2023-02-24 23:35:20.369649
dsatur,jean,80,254,0,10,2023-02-24 23:35:20.369655,2023-02-24 23:35:20.419453
rlf,jean,80,254,0,11,2023-02-24 23:35:20.419460,2023-02-24 23:35:20.419800
guloso,jean,80,254,0,10,2023-02-24 23:55:40.163689,2023-02-24 23:55:40.253663
dsatur,jean,80,254,0,10,2023-02-24 23:55:40.253667,2023-02-24 23:55:40.302520
rlf,jean,80,254,0,10,2023-02-24 23:55:40.302524,2023-02-24 23:55:40.302821
guloso,jean,80,254,0,10,2023-02-25 00:15:33.327861,2023-02-25 00:15:33.424774
dsatur,jean,80,254,0,10,2023-02-25 00:15:33.424779,2023-02-25 00:15:33.482995
rlf,jean,80,254,0,10,2023-02-25 00:15:33.482996,2023-02-25 00:15:33.483281
guloso,jean,80,254,0,11,2023-02-25 00:35:25.527599,2023-02-25 00:35:25.601566
dsatur,jean,80,254,0,10,2023-02-25 00:35:25.601571,2023-02-25 00:35:25.645538
rlf,jean,80,254,0,10,2023-02-25 00:35:25.645540,2023-02-25 00:35:25.645834
guloso,jean,80,254,0,10,2023-02-25 00:55:18.111640,2023-02-25 00:55:18.219775
dsatur,jean,80,254,0,10,2023-02-25 00:55:18.219781,2023-02-25 00:55:18.279156
rlf,jean,80,254,0,10,2023-02-25 00:55:18.279157,2023-02-25 00:55:18.279447
guloso,jean,80,254,0,10,2023-02-25 01:15:06.056405,2023-02-25 01:15:06.159375
dsatur,jean,80,254,0,10,2023-02-25 01:15:06.159380,2023-02-25 01:15:06.217728
rlf,jean,80,254,0,10,2023-02-25 01:15:06.217730,2023-02-25 01:15:06.218020
guloso,jean,80,254,0,10,2023-02-25 01:35:04.974193,2023-02-25 01:35:05.068010
dsatur,jean,80,254,0,10,2023-02-25 01:35:05.068015,2023-02-25 01:35:05.119667
rlf,jean,80,254,0,10,2023-02-25 01:35:05.119669,2023-02-25 01:35:05.119972
guloso,jean,80,254,0,10,2023-02-25 01:55:07.690751,2023-02-25 01:55:07.795984
dsatur,jean,80,254,0,10,2023-02-25 01:55:07.795989,2023-02-25 01:55:07.839737
rlf,jean,80,254,0,11,2023-02-25 01:55:07.839739,2023-02-25 01:55:07.840026
guloso,jean,80,254,0,10,2023-02-25 02:15:03.656365,2023-02-25 02:15:03.755183
dsatur,jean,80,254,0,10,2023-02-25 02:15:03.755188,2023-02-25 02:15:03.806756
rlf,jean,80,254,0,10,2023-02-25 02:15:03.806757,2023-02-25 02:15:03.807069
guloso,jean,80,254,0,10,2023-02-25 02:34:46.079496,2023-02-25 02:34:46.188052
dsatur,jean,80,254,0,10,2023-02-25 02:34:46.188057,2023-02-25 02:34:46.237518
rlf,jean,80,254,0,11,2023-02-25 02:34:46.237521,2023-02-25 02:34:46.237813
guloso,miles250,128,387,0,10,2023-02-25 02:54:48.020123,2023-02-25 02:54:48.440176
dsatur,miles250,128,387,0,8,2023-02-25 02:54:48.440180,2023-02-25 02:54:48.745260
rlf,miles250,128,387,0,10,2023-02-25 02:54:48.745263,2023-02-25 02:54:48.745836
guloso,miles250,128,387,0,9,2023-02-25 04:32:17.470335,2023-02-25 04:32:17.867541
dsatur,miles250,128,387,0,8,2023-02-25 04:32:17.867547,2023-02-25 04:32:18.171319
rlf,miles250,128,387,0,8,2023-02-25 04:32:18.171322,2023-02-25 04:32:18.171917
guloso,miles250,128,387,0,10,2023-02-25 06:09:02.651493,2023-02-25 06:09:03.076366
dsatur,miles250,128,387,0,9,2023-02-25 06:09:03.076374,2023-02-25 06:09:03.427443
rlf,miles250,128,387,0,9,2023-02-25 06:09:03.427449,2023-02-25 06:09:03.428088
guloso,miles250,128,387,0,9,2023-02-25 07:46:42.446562,2023-02-25 07:46:42.862668
dsatur,miles250,128,387,0,8,2023-02-25 07:46:42.862673,2023-02-25 07:46:43.170084
rlf,miles250,128,387,0,10,2023-02-25 07:46:43.170086,2023-02-25 07:46:43.170691
guloso,miles250,128,387,0,10,2023-02-25 09:24:27.104543,2023-02-25 09:24:27.510540
dsatur,miles250,128,387,0,8,2023-02-25 09:24:27.510545,2023-02-25 09:24:27.821233
rlf,miles250,128,387,0,10,2023-02-25 09:24:27.821235,2023-02-25 09:24:27.821803
guloso,miles250,128,387,0,9,2023-02-25 11:01:20.485688,2023-02-25 11:01:20.901371
dsatur,miles250,128,387,0,8,2023-02-25 11:01:20.901376,2023-02-25 11:01:21.239566
rlf,miles250,128,387,0,10,2023-02-25 11:01:21.239568,2023-02-25 11:01:21.240168
guloso,miles250,128,387,0,10,2023-02-25 12:38:52.030532,2023-02-25 12:38:52.481201
dsatur,miles250,128,387,0,8,2023-02-25 12:38:52.481206,2023-02-25 12:38:52.788108
rlf,miles250,128,387,0,10,2023-02-25 12:38:52.788112,2023-02-25 12:38:52.788721
guloso,miles250,128,387,0,10,2023-02-25 14:16:45.050975,2023-02-25 14:16:45.445921
dsatur,miles250,128,387,0,8,2023-02-25 14:16:45.445926,2023-02-25 14:16:45.760078
rlf,miles250,128,387,0,9,2023-02-25 14:16:45.760082,2023-02-25 14:16:45.760665
guloso,miles250,128,387,0,10,2023-02-25 15:53:28.510274,2023-02-25 15:53:28.917450
dsatur,miles250,128,387,0,8,2023-02-25 15:53:28.917455,2023-02-25 15:53:29.232167
rlf,miles250,128,387,0,9,2023-02-25 15:53:29.232171,2023-02-25 15:53:29.232781
guloso,miles250,128,387,0,9,2023-02-25 17:31:02.730268,2023-02-25 17:31:03.171266
dsatur,miles250,128,387,0,8,2023-02-25 17:31:03.171272,2023-02-25 17:31:03.470731
rlf,miles250,128,387,0,10,2023-02-25 17:31:03.470737,2023-02-25 17:31:03.471360
guloso,myciel2,5,5,0,3,2023-02-25 19:08:44.437230,2023-02-25 19:08:44.437273
dsatur,myciel2,5,5,0,3,2023-02-25 19:08:44.437274,2023-02-25 19:08:44.437330
rlf,myciel2,5,5,0,3,2023-02-25 19:08:44.437331,2023-02-25 19:08:44.437350
guloso,myciel2,5,5,0,3,2023-02-25 19:09:17.792964,2023-02-25 19:09:17.793017
dsatur,myciel2,5,5,0,3,2023-02-25 19:09:17.793018,2023-02-25 19:09:17.793070
rlf,myciel2,5,5,0,3,2023-02-25 19:09:17.793071,2023-02-25 19:09:17.793090
guloso,myciel2,5,5,0,3,2023-02-25 19:09:51.101258,2023-02-25 19:09:51.101305
dsatur,myciel2,5,5,0,3,2023-02-25 19:09:51.101305,2023-02-25 19:09:51.101355
rlf,myciel2,5,5,0,3,2023-02-25 19:09:51.101356,2023-02-25 19:09:51.101374
guloso,myciel2,5,5,0,3,2023-02-25 19:10:24.409955,2023-02-25 19:10:24.410000
dsatur,myciel2,5,5,0,3,2023-02-25 19:10:24.410001,2023-02-25 19:10:24.410052
rlf,myciel2,5,5,0,3,2023-02-25 19:10:24.410053,2023-02-25 19:10:24.410071
guloso,myciel2,5,5,0,3,2023-02-25 19:10:57.874410,2023-02-25 19:10:57.874455
dsatur,myciel2,5,5,0,3,2023-02-25 19:10:57.874456,2023-02-25 19:10:57.874505
rlf,myciel2,5,5,0,3,2023-02-25 19:10:57.874505,2023-02-25 19:10:57.874523
guloso,myciel2,5,5,0,3,2023-02-25 19:11:31.183999,2023-02-25 19:11:31.184047
dsatur,myciel2,5,5,0,3,2023-02-25 19:11:31.184047,2023-02-25 19:11:31.184099
rlf,myciel2,5,5,0,3,2023-02-25 19:11:31.184099,2023-02-25 19:11:31.184117
guloso,myciel2,5,5,0,3,2023-02-25 19:12:04.644098,2023-02-25 19:12:04.644162
dsatur,myciel2,5,5,0,3,2023-02-25 19:12:04.644163,2023-02-25 19:12:04.644234
rlf,myciel2,5,5,0,3,2023-02-25 19:12:04.644235,2023-02-25 19:12:04.644259
guloso,myciel2,5,5,0,3,2023-02-25 19:12:37.949950,2023-02-25 19:12:37.950037
dsatur,myciel2,5,5,0,3,2023-02-25 19:12:37.950038,2023-02-25 19:12:37.950096
rlf,myciel2,5,5,0,3,2023-02-25 19:12:37.950096,2023-02-25 19:12:37.950115
guloso,myciel2,5,5,0,3,2023-02-25 19:13:11.240323,2023-02-25 19:13:11.240370
dsatur,myciel2,5,5,0,3,2023-02-25 19:13:11.240371,2023-02-25 19:13:11.240421
rlf,myciel2,5,5,0,3,2023-02-25 19:13:11.240422,2023-02-25 19:13:11.240440
guloso,myciel2,5,5,0,3,2023-02-25 19:13:44.544512,2023-02-25 19:13:44.544558
dsatur,myciel2,5,5,0,3,2023-02-25 19:13:44.544559,2023-02-25 19:13:44.544608
rlf,myciel2,5,5,0,3,2023-02-25 19:13:44.544609,2023-02-25 19:13:44.544626
guloso,myciel3,11,20,0,4,2023-02-25 19:14:17.874590,2023-02-25 19:14:17.874677
dsatur,myciel3,11,20,0,4,2023-02-25 19:14:17.874678,2023-02-25 19:14:17.874814
rlf,myciel3,11,20,0,4,2023-02-25 19:14:17.874815,2023-02-25 19:14:17.874844
guloso,myciel3,11,20,0,4,2023-02-25 19:14:54.437912,2023-02-25 19:14:54.437996
dsatur,myciel3,11,20,0,4,2023-02-25 19:14:54.437996,2023-02-25 19:14:54.438151
rlf,myciel3,11,20,0,4,2023-02-25 19:14:54.438152,2023-02-25 19:14:54.438200
guloso,myciel3,11,20,0,4,2023-02-25 19:15:31.037771,2023-02-25 19:15:31.037863
dsatur,myciel3,11,20,0,4,2023-02-25 19:15:31.037864,2023-02-25 19:15:31.038018
rlf,myciel3,11,20,0,4,2023-02-25 19:15:31.038018,2023-02-25 19:15:31.038049
guloso,myciel3,11,20,0,4,2023-02-25 19:16:07.727663,2023-02-25 19:16:07.727783
dsatur,myciel3,11,20,0,4,2023-02-25 19:16:07.727784,2023-02-25 19:16:07.727950
rlf,myciel3,11,20,0,4,2023-02-25 19:16:07.727951,2023-02-25 19:16:07.727984
guloso,myciel3,11,20,0,4,2023-02-25 19:16:44.372580,2023-02-25 19:16:44.372673
dsatur,myciel3,11,20,0,4,2023-02-25 19:16:44.372674,2023-02-25 19:16:44.372823
rlf,myciel3,11,20,0,4,2023-02-25 19:16:44.372823,2023-02-25 19:16:44.372853
guloso,myciel3,11,20,0,4,2023-02-25 19:17:21.050907,2023-02-25 19:17:21.051007
dsatur,myciel3,11,20,0,4,2023-02-25 19:17:21.051008,2023-02-25 19:17:21.051160
rlf,myciel3,11,20,0,4,2023-02-25 19:17:21.051160,2023-02-25 19:17:21.051193
guloso,myciel3,11,20,0,4,2023-02-25 19:17:57.750902,2023-02-25 19:17:57.751029
dsatur,myciel3,11,20,0,4,2023-02-25 19:17:57.751030,2023-02-25 19:17:57.751249
rlf,myciel3,11,20,0,4,2023-02-25 19:17:57.751251,2023-02-25 19:17:57.751282
guloso,myciel3,11,20,0,4,2023-02-25 19:18:34.336673,2023-02-25 19:18:34.336797
dsatur,myciel3,11,20,0,4,2023-02-25 19:18:34.336798,2023-02-25 19:18:34.337047
rlf,myciel3,11,20,0,4,2023-02-25 19:18:34.337049,2023-02-25 19:18:34.337114
guloso,myciel3,11,20,0,4,2023-02-25 19:19:11.121530,2023-02-25 19:19:11.121638
dsatur,myciel3,11,20,0,4,2023-02-25 19:19:11.121638,2023-02-25 19:19:11.121805
rlf,myciel3,11,20,0,4,2023-02-25 19:19:11.121806,2023-02-25 19:19:11.121854
guloso,myciel3,11,20,0,4,2023-02-25 19:19:47.780355,2023-02-25 19:19:47.780465
dsatur,myciel3,11,20,0,4,2023-02-25 19:19:47.780466,2023-02-25 19:19:47.780613
rlf,myciel3,11,20,0,4,2023-02-25 19:19:47.780613,2023-02-25 19:19:47.780644
guloso,myciel4,23,71,0,5,2023-02-25 19:20:24.547400,2023-02-25 19:20:24.548168
dsatur,myciel4,23,71,0,5,2023-02-25 19:20:24.548170,2023-02-25 19:20:24.549223
rlf,myciel4,23,71,0,5,2023-02-25 19:20:24.549224,2023-02-25 19:20:24.549283
guloso,myciel4,23,71,0,5,2023-02-25 19:21:23.424506,2023-02-25 19:21:23.425246
dsatur,myciel4,23,71,0,5,2023-02-25 19:21:23.425248,2023-02-25 19:21:23.426171
rlf,myciel4,23,71,0,5,2023-02-25 19:21:23.426172,2023-02-25 19:21:23.426233
guloso,myciel4,23,71,0,6,2023-02-25 19:22:22.350343,2023-02-25 19:22:22.351032
dsatur,myciel4,23,71,0,5,2023-02-25 19:22:22.351033,2023-02-25 19:22:22.352142
rlf,myciel4,23,71,0,5,2023-02-25 19:22:22.352143,2023-02-25 19:22:22.352206
guloso,myciel4,23,71,0,5,2023-02-25 19:23:21.618147,2023-02-25 19:23:21.619020
dsatur,myciel4,23,71,0,5,2023-02-25 19:23:21.619022,2023-02-25 19:23:21.619993
rlf,myciel4,23,71,0,5,2023-02-25 19:23:21.619994,2023-02-25 19:23:21.620055
guloso,myciel4,23,71,0,5,2023-02-25 19:24:21.796304,2023-02-25 19:24:21.797219
dsatur,myciel4,23,71,0,5,2023-02-25 19:24:21.797221,2023-02-25 19:24:21.798236
rlf,myciel4,23,71,0,5,2023-02-25 19:24:21.798237,2023-02-25 19:24:21.798302
guloso,myciel4,23,71,0,5,2023-02-25 19:25:24.310636,2023-02-25 19:25:24.311593
dsatur,myciel4,23,71,0,5,2023-02-25 19:25:24.311596,2023-02-25 19:25:24.312713
rlf,myciel4,23,71,0,5,2023-02-25 19:25:24.312715,2023-02-25 19:25:24.312812
guloso,myciel4,23,71,0,6,2023-02-25 19:26:26.186036,2023-02-25 19:26:26.186798
dsatur,myciel4,23,71,0,5,2023-02-25 19:26:26.186799,2023-02-25 19:26:26.187766
rlf,myciel4,23,71,0,5,2023-02-25 19:26:26.187767,2023-02-25 19:26:26.187829
guloso,myciel4,23,71,0,5,2023-02-25 19:27:25.179483,2023-02-25 19:27:25.180478
dsatur,myciel4,23,71,0,5,2023-02-25 19:27:25.180481,2023-02-25 19:27:25.181767
rlf,myciel4,23,71,0,5,2023-02-25 19:27:25.181769,2023-02-25 19:27:25.181836
guloso,myciel4,23,71,0,5,2023-02-25 19:28:24.283623,2023-02-25 19:28:24.284508
dsatur,myciel4,23,71,0,5,2023-02-25 19:28:24.284509,2023-02-25 19:28:24.285528
rlf,myciel4,23,71,0,5,2023-02-25 19:28:24.285528,2023-02-25 19:28:24.285594
guloso,myciel4,23,71,0,5,2023-02-25 19:29:24.762008,2023-02-25 19:29:24.763027
dsatur,myciel4,23,71,0,5,2023-02-25 19:29:24.763029,2023-02-25 19:29:24.764245
rlf,myciel4,23,71,0,6,2023-02-25 19:29:24.764246,2023-02-25 19:29:24.764312
guloso,myciel5,47,236,0,6,2023-02-25 19:30:25.289109,2023-02-25 19:30:25.305708
dsatur,myciel5,47,236,0,6,2023-02-25 19:30:25.305713,2023-02-25 19:30:25.321816
rlf,myciel5,47,236,0,6,2023-02-25 19:30:25.321819,2023-02-25 19:30:25.321988
guloso,myciel5,47,236,0,6,2023-02-25 19:34:36.751586,2023-02-25 19:34:36.773132
dsatur,myciel5,47,236,0,6,2023-02-25 19:34:36.773136,2023-02-25 19:34:36.790610
rlf,myciel5,47,236,0,6,2023-02-25 19:34:36.790614,2023-02-25 19:34:36.790787
guloso,myciel5,47,236,0,6,2023-02-25 19:38:50.966890,2023-02-25 19:38:50.981975
dsatur,myciel5,47,236,0,6,2023-02-25 19:38:50.981979,2023-02-25 19:38:51.003132
rlf,myciel5,47,236,0,6,2023-02-25 19:38:51.003137,2023-02-25 19:38:51.003308
guloso,myciel5,47,236,0,6,2023-02-25 19:43:09.273885,2023-02-25 19:43:09.291274
dsatur,myciel5,47,236,0,6,2023-02-25 19:43:09.291279,2023-02-25 19:43:09.308917
rlf,myciel5,47,236,0,7,2023-02-25 19:43:09.308921,2023-02-25 19:43:09.309101
guloso,myciel5,47,236,0,6,2023-02-25 19:47:22.979827,2023-02-25 19:47:22.998403
dsatur,myciel5,47,236,0,6,2023-02-25 19:47:22.998408,2023-02-25 19:47:23.016181
rlf,myciel5,47,236,0,7,2023-02-25 19:47:23.016184,2023-02-25 19:47:23.016363
guloso,myciel5,47,236,0,6,2023-02-25 19:51:38.079253,2023-02-25 19:51:38.101429
dsatur,myciel5,47,236,0,6,2023-02-25 19:51:38.101434,2023-02-25 19:51:38.117472
rlf,myciel5,47,236,0,7,2023-02-25 19:51:38.117477,2023-02-25 19:51:38.117661
guloso,myciel5,47,236,0,6,2023-02-25 19:56:01.969557,2023-02-25 19:56:01.988197
dsatur,myciel5,47,236,0,6,2023-02-25 19:56:01.988202,2023-02-25 19:56:02.006053
rlf,myciel5,47,236,0,6,2023-02-25 19:56:02.006057,2023-02-25 19:56:02.006236
guloso,myciel5,47,236,0,6,2023-02-25 20:00:23.698219,2023-02-25 20:00:23.715620
dsatur,myciel5,47,236,0,6,2023-02-25 20:00:23.715625,2023-02-25 20:00:23.734769
rlf,myciel5,47,236,0,6,2023-02-25 20:00:23.734773,2023-02-25 20:00:23.734943
guloso,myciel5,47,236,0,6,2023-02-25 20:04:42.057316,2023-02-25 20:04:42.075974
dsatur,myciel5,47,236,0,6,2023-02-25 20:04:42.075978,2023-02-25 20:04:42.093292
rlf,myciel5,47,236,0,6,2023-02-25 20:04:42.093295,2023-02-25 20:04:42.093474
guloso,myciel5,47,236,0,6,2023-02-25 20:09:03.445683,2023-02-25 20:09:03.463959
dsatur,myciel5,47,236,0,6,2023-02-25 20:09:03.463963,2023-02-25 20:09:03.482286
rlf,myciel5,47,236,0,6,2023-02-25 20:09:03.482289,2023-02-25 20:09:03.482464
guloso,myciel6,95,755,0,7,2023-02-25 20:13:27.762309,2023-02-25 20:13:28.124641
dsatur,myciel6,95,755,0,7,2023-02-25 20:13:28.124646,2023-02-25 20:13:28.435328
rlf,myciel6,95,755,0,8,2023-02-25 20:13:28.435333,2023-02-25 20:13:28.435878
guloso,myciel6,95,755,0,7,2023-02-25 20:51:07.102617,2023-02-25 20:51:07.472629
dsatur,myciel6,95,755,0,8,2023-02-25 20:51:07.472634,2023-02-25 20:51:07.837018
rlf,myciel6,95,755,0,7,2023-02-25 20:51:07.837023,2023-02-25 20:51:07.837468
guloso,myciel6,95,755,0,8,2023-02-25 21:27:59.587947,2023-02-25 21:27:59.920719
dsatur,myciel6,95,755,0,7,2023-02-25 21:27:59.920724,2023-02-25 21:28:00.172444
rlf,myciel6,95,755,0,7,2023-02-25 21:28:00.172447,2023-02-25 21:28:00.172883
guloso,myciel6,95,755,0,7,2023-02-25 22:05:03.948638,2023-02-25 22:05:04.325106
dsatur,myciel6,95,755,0,7,2023-02-25 22:05:04.325111,2023-02-25 22:05:04.598274
rlf,myciel6,95,755,0,7,2023-02-25 22:05:04.598278,2023-02-25 22:05:04.598726
guloso,myciel6,95,755,0,7,2023-02-25 22:42:11.226980,2023-02-25 22:42:11.544283
dsatur,myciel6,95,755,0,7,2023-02-25 22:42:11.544288,2023-02-25 22:42:11.867995
rlf,myciel6,95,755,0,7,2023-02-25 22:42:11.867998,2023-02-25 22:42:11.868439
guloso,myciel6,95,755,0,8,2023-02-25 23:18:52.494105,2023-02-25 23:18:52.822459
dsatur,myciel6,95,755,0,7,2023-02-25 23:18:52.822464,2023-02-25 23:18:53.060519
rlf,myciel6,95,755,0,7,2023-02-25 23:18:53.060521,2023-02-25 23:18:53.060968
guloso,myciel6,95,755,0,7,2023-02-25 23:55:46.284295,2023-02-25 23:55:46.649427
dsatur,myciel6,95,755,0,7,2023-02-25 23:55:46.649432,2023-02-25 23:55:46.950129
rlf,myciel6,95,755,0,7,2023-02-25 23:55:46.950132,2023-02-25 23:55:46.950567
guloso,myciel6,95,755,0,7,2023-02-26 00:32:33.112106,2023-02-26 00:32:33.418150
dsatur,myciel6,95,755,0,7,2023-02-26 00:32:33.418156,2023-02-26 00:32:33.696036
rlf,myciel6,95,755,0,7,2023-02-26 00:32:33.696038,2023-02-26 00:32:33.696515
guloso,myciel6,95,755,0,7,2023-02-26 01:09:30.362861,2023-02-26 01:09:30.693964
dsatur,myciel6,95,755,0,7,2023-02-26 01:09:30.693970,2023-02-26 01:09:30.996836
rlf,myciel6,95,755,0,7,2023-02-26 01:09:30.996840,2023-02-26 01:09:30.997303
guloso,myciel6,95,755,0,7,2023-02-26 01:46:33.036933,2023-02-26 01:46:33.441271
dsatur,myciel6,95,755,0,7,2023-02-26 01:46:33.441277,2023-02-26 01:46:33.653870
rlf,myciel6,95,755,0,8,2023-02-26 01:46:33.653875,2023-02-26 01:46:33.654322
guloso,queen5_5,25,160,0,8,2023-02-26 02:39:05.591395,2023-02-26 02:39:05.592751
dsatur,queen5_5,25,160,0,6,2023-02-26 02:39:05.592753,2023-02-26 02:39:05.594553
rlf,queen5_5,25,160,0,8,2023-02-26 02:39:05.594556,2023-02-26 02:39:05.594645
guloso,queen5_5,25,160,0,5,2023-02-26 02:40:02.524934,2023-02-26 02:40:02.526197
dsatur,queen5_5,25,160,0,7,2023-02-26 02:40:02.526199,2023-02-26 02:40:02.527805
rlf,queen5_5,25,160,0,9,2023-02-26 02:40:02.527807,2023-02-26 02:40:02.527887
guloso,queen5_5,25,160,0,8,2023-02-26 02:40:57.558123,2023-02-26 02:40:57.559530
dsatur,queen5_5,25,160,0,7,2023-02-26 02:40:57.559532,2023-02-26 02:40:57.561284
rlf,queen5_5,25,160,0,8,2023-02-26 02:40:57.561289,2023-02-26 02:40:57.561412
guloso,queen5_5,25,160,0,7,2023-02-26 02:41:52.681108,2023-02-26 02:41:52.682365
dsatur,queen5_5,25,160,0,6,2023-02-26 02:41:52.682367,2023-02-26 02:41:52.684123
rlf,queen5_5,25,160,0,8,2023-02-26 02:41:52.684126,2023-02-26 02:41:52.684208
guloso,queen5_5,25,160,0,8,2023-02-26 02:42:47.286513,2023-02-26 02:42:47.288938
dsatur,queen5_5,25,160,0,7,2023-02-26 02:42:47.288941,2023-02-26 02:42:47.291287
rlf,queen5_5,25,160,0,8,2023-02-26 02:42:47.291291,2023-02-26 02:42:47.291401
guloso,queen5_5,25,160,0,7,2023-02-26 02:43:42.579847,2023-02-26 02:43:42.581188
dsatur,queen5_5,25,160,0,7,2023-02-26 02:43:42.581190,2023-02-26 02:43:42.583330
rlf,queen5_5,25,160,0,6,2023-02-26 02:43:42.583335,2023-02-26 02:43:42.583459
guloso,queen5_5,25,160,0,7,2023-02-26 02:44:37.871788,2023-02-26 02:44:37.872943
dsatur,queen5_5,25,160,0,7,2023-02-26 02:44:37.872945,2023-02-26 02:44:37.874891
rlf,queen5_5,25,160,0,6,2023-02-26 02:44:37.874895,2023-02-26 02:44:37.875003
guloso,queen5_5,25,160,0,7,2023-02-26 02:45:33.362215,2023-02-26 02:45:33.363642
dsatur,queen5_5,25,160,0,5,2023-02-26 02:45:33.363646,2023-02-26 02:45:33.366209
rlf,queen5_5,25,160,0,7,2023-02-26 02:45:33.366214,2023-02-26 02:45:33.366303
guloso,queen5_5,25,160,0,8,2023-02-26 02:46:28.560699,2023-02-26 02:46:28.562166
dsatur,queen5_5,25,160,0,6,2023-02-26 02:46:28.562169,2023-02-26 02:46:28.563878
rlf,queen5_5,25,160,0,7,2023-02-26 02:46:28.563880,2023-02-26 02:46:28.563956
guloso,queen5_5,25,160,0,7,2023-02-26 02:47:23.727658,2023-02-26 02:47:23.728970
dsatur,queen5_5,25,160,0,7,2023-02-26 02:47:23.728972,2023-02-26 02:47:23.730717
rlf,queen5_5,25,160,0,7,2023-02-26 02:47:23.730721,2023-02-26 02:47:23.730851
guloso,queen6_6,36,290,0,9,2023-02-26 02:48:18.925603,2023-02-26 02:48:18.930506
dsatur,queen6_6,36,290,0,10,2023-02-26 02:48:18.930510,2023-02-26 02:48:18.937031
rlf,queen6_6,36,290,0,9,2023-02-26 02:48:18.937034,2023-02-26 02:48:18.937161
guloso,queen6_6,36,290,0,8,2023-02-26 02:50:06.567377,2023-02-26 02:50:06.573288
dsatur,queen6_6,36,290,0,10,2023-02-26 02:50:06.573295,2023-02-26 02:50:06.580715
rlf,queen6_6,36,290,0,9,2023-02-26 02:50:06.580718,2023-02-26 02:50:06.580843
guloso,queen6_6,36,290,0,10,2023-02-26 02:51:53.266819,2023-02-26 02:51:53.272557
dsatur,queen6_6,36,290,0,11,2023-02-26 02:51:53.272566,2023-02-26 02:51:53.279339
rlf,queen6_6,36,290,0,9,2023-02-26 02:51:53.279343,2023-02-26 02:51:53.279472
guloso,queen6_6,36,290,0,9,2023-02-26 02:53:39.026390,2023-02-26 02:53:39.032329
dsatur,queen6_6,36,290,0,9,2023-02-26 02:53:39.032335,2023-02-26 02:53:39.039582
rlf,queen6_6,36,290,0,10,2023-02-26 02:53:39.039587,2023-02-26 02:53:39.039830
guloso,queen6_6,36,290,0,10,2023-02-26 02:55:24.678923,2023-02-26 02:55:24.683995
dsatur,queen6_6,36,290,0,9,2023-02-26 02:55:24.684006,2023-02-26 02:55:24.691995
rlf,queen6_6,36,290,0,10,2023-02-26 02:55:24.691999,2023-02-26 02:55:24.692131
guloso,queen6_6,36,290,0,10,2023-02-26 02:57:10.225100,2023-02-26 02:57:10.232456
dsatur,queen6_6,36,290,0,11,2023-02-26 02:57:10.232461,2023-02-26 02:57:10.244476
rlf,queen6_6,36,290,0,9,2023-02-26 02:57:10.244481,2023-02-26 02:57:10.244647
guloso,queen6_6,36,290,0,9,2023-02-26 02:58:56.909623,2023-02-26 02:58:56.915128
dsatur,queen6_6,36,290,0,10,2023-02-26 02:58:56.915134,2023-02-26 02:58:56.922354
rlf,queen6_6,36,290,0,9,2023-02-26 02:58:56.922358,2023-02-26 02:58:56.922482
guloso,queen6_6,36,290,0,10,2023-02-26 03:00:44.282165,2023-02-26 03:00:44.288843
dsatur,queen6_6,36,290,0,11,2023-02-26 03:00:44.288848,2023-02-26 03:00:44.297393
rlf,queen6_6,36,290,0,9,2023-02-26 03:00:44.297398,2023-02-26 03:00:44.297555
guloso,queen6_6,36,290,0,9,2023-02-26 03:02:30.235585,2023-02-26 03:02:30.240947
dsatur,queen6_6,36,290,0,9,2023-02-26 03:02:30.240956,2023-02-26 03:02:30.249561
rlf,queen6_6,36,290,0,9,2023-02-26 03:02:30.249565,2023-02-26 03:02:30.249696
guloso,queen6_6,36,290,0,9,2023-02-26 03:04:19.284346,2023-02-26 03:04:19.291118
dsatur,queen6_6,36,290,0,10,2023-02-26 03:04:19.291126,2023-02-26 03:04:19.298306
rlf,queen6_6,36,290,0,9,2023-02-26 03:04:19.298319,2023-02-26 03:04:19.298517
guloso,queen7_7,49,476,0,10,2023-02-26 03:06:06.717130,2023-02-26 03:06:06.734614
dsatur,queen7_7,49,476,0,10,2023-02-26 03:06:06.734619,2023-02-26 03:06:06.753377
rlf,queen7_7,49,476,0,11,2023-02-26 03:06:06.753383,2023-02-26 03:06:06.753661
guloso,queen7_7,49,476,0,12,2023-02-26 03:10:08.626074,2023-02-26 03:10:08.644961
dsatur,queen7_7,49,476,0,12,2023-02-26 03:10:08.644966,2023-02-26 03:10:08.666542
rlf,queen7_7,49,476,0,11,2023-02-26 03:10:08.666546,2023-02-26 03:10:08.666738
guloso,queen7_7,49,476,0,11,2023-02-26 03:14:10.749923,2023-02-26 03:14:10.768306
dsatur,queen7_7,49,476,0,11,2023-02-26 03:14:10.768311,2023-02-26 03:14:10.786781
rlf,queen7_7,49,476,0,12,2023-02-26 03:14:10.786786,2023-02-26 03:14:10.786999
guloso,queen7_7,49,476,0,12,2023-02-26 03:18:11.839318,2023-02-26 03:18:11.857721
dsatur,queen7_7,49,476,0,12,2023-02-26 03:18:11.857730,2023-02-26 03:18:11.877465
rlf,queen7_7,49,476,0,10,2023-02-26 03:18:11.877469,2023-02-26 03:18:11.877667
guloso,queen7_7,49,476,0,11,2023-02-26 03:22:14.398893,2023-02-26 03:22:14.420229
dsatur,queen7_7,49,476,0,11,2023-02-26 03:22:14.420234,2023-02-26 03:22:14.440919
rlf,queen7_7,49,476,0,10,2023-02-26 03:22:14.440924,2023-02-26 03:22:14.441140
guloso,queen7_7,49,476,0,12,2023-02-26 03:26:12.550132,2023-02-26 03:26:12.568569
dsatur,queen7_7,49,476,0,11,2023-02-26 03:26:12.568574,2023-02-26 03:26:12.586744
rlf,queen7_7,49,476,0,11,2023-02-26 03:26:12.586747,2023-02-26 03:26:12.586945
guloso,queen7_7,49,476,0,12,2023-02-26 03:30:13.254541,2023-02-26 03:30:13.273108
dsatur,queen7_7,49,476,0,12,2023-02-26 03:30:13.273113,2023-02-26 03:30:13.295150
rlf,queen7_7,49,476,0,11,2023-02-26 03:30:13.295155,2023-02-26 03:30:13.295358
guloso,queen7_7,49,476,0,11,2023-02-26 03:34:12.308467,2023-02-26 03:34:12.327577
dsatur,queen7_7,49,476,0,11,2023-02-26 03:34:12.327586,2023-02-26 03:34:12.347215
rlf,queen7_7,49,476,0,10,2023-02-26 03:34:12.347220,2023-02-26 03:34:12.347419
guloso,queen7_7,49,476,0,11,2023-02-26 03:38:12.456314,2023-02-26 03:38:12.482746
dsatur,queen7_7,49,476,0,11,2023-02-26 03:38:12.482752,2023-02-26 03:38:12.501687
rlf,queen7_7,49,476,0,12,2023-02-26 03:38:12.501690,2023-02-26 03:38:12.501890
guloso,queen7_7,49,476,0,11,2023-02-26 03:42:13.993228,2023-02-26 03:42:14.012287
dsatur,queen7_7,49,476,0,11,2023-02-26 03:42:14.012292,2023-02-26 03:42:14.029965
rlf,queen7_7,49,476,0,11,2023-02-26 03:42:14.029969,2023-02-26 03:42:14.030162
guloso,queen8_12,96,1368,0,15,2023-02-26 03:46:15.314458,2023-02-26 03:46:15.569898
dsatur,queen8_12,96,1368,0,15,2023-02-26 03:46:15.569903,2023-02-26 03:46:15.756282
rlf,queen8_12,96,1368,0,15,2023-02-26 03:46:15.756285,2023-02-26 03:46:15.756910
guloso,queen8_12,96,1368,0,17,2023-02-26 04:32:23.373126,2023-02-26 04:32:23.613384
dsatur,queen8_12,96,1368,0,16,2023-02-26 04:32:23.613390,2023-02-26 04:32:23.819044
rlf,queen8_12,96,1368,0,14,2023-02-26 04:32:23.819049,2023-02-26 04:32:23.819684
guloso,queen8_12,96,1368,0,16,2023-02-26 05:18:09.701135,2023-02-26 05:18:09.933789
dsatur,queen8_12,96,1368,0,15,2023-02-26 05:18:09.933796,2023-02-26 05:18:10.148350
rlf,queen8_12,96,1368,0,14,2023-02-26 05:18:10.148353,2023-02-26 05:18:10.148960
guloso,queen8_12,96,1368,0,15,2023-02-26 06:04:02.539203,2023-02-26 06:04:02.776783
dsatur,queen8_12,96,1368,0,16,2023-02-26 06:04:02.776788,2023-02-26 06:04:03.005392
rlf,queen8_12,96,1368,0,15,2023-02-26 06:04:03.005394,2023-02-26 06:04:03.005976
guloso,queen8_12,96,1368,0,15,2023-02-26 06:49:34.628702,2023-02-26 06:49:34.858456
dsatur,queen8_12,96,1368,0,16,2023-02-26 06:49:34.858463,2023-02-26 06:49:35.056901
rlf,queen8_12,96,1368,0,14,2023-02-26 06:49:35.056905,2023-02-26 06:49:35.057514
guloso,queen8_12,96,1368,0,15,2023-02-26 07:35:14.647656,2023-02-26 07:35:14.867725
dsatur,queen8_12,96,1368,0,16,2023-02-26 07:35:14.867730,2023-02-26 07:35:15.051898
rlf,queen8_12,96,1368,0,16,2023-02-26 07:35:15.051900,2023-02-26 07:35:15.052500
guloso,queen8_12,96,1368,0,15,2023-02-26 08:20:55.355354,2023-02-26 08:20:55.616063
dsatur,queen8_12,96,1368,0,15,2023-02-26 08:20:55.616068,2023-02-26 08:20:55.811547
rlf,queen8_12,96,1368,0,16,2023-02-26 08:20:55.811553,2023-02-26 08:20:55.812167
guloso,queen8_12,96,1368,0,15,2023-02-26 09:06:52.594506,2023-02-26 09:06:52.808614
dsatur,queen8_12,96,1368,0,17,2023-02-26 09:06:52.808618,2023-02-26 09:06:53.004669
rlf,queen8_12,96,1368,0,15,2023-02-26 09:06:53.004673,2023-02-26 09:06:53.005263
guloso,queen8_12,96,1368,0,16,2023-02-26 09:52:58.785992,2023-02-26 09:52:59.005414
dsatur,queen8_12,96,1368,0,15,2023-02-26 09:52:59.005418,2023-02-26 09:52:59.202283
rlf,queen8_12,96,1368,0,15,2023-02-26 09:52:59.202286,2023-02-26 09:52:59.202885
guloso,queen8_12,96,1368,0,15,2023-02-26 10:38:57.966096,2023-02-26 10:38:58.178760
dsatur,queen8_12,96,1368,0,16,2023-02-26 10:38:58.178765,2023-02-26 10:38:58.410431
rlf,queen8_12,96,1368,0,15,2023-02-26 10:38:58.410435,2023-02-26 10:38:58.411044
guloso,queen8_8,64,728,0,12,2023-02-26 11:24:41.295908,2023-02-26 11:24:41.340442
dsatur,queen8_8,64,728,0,15,2023-02-26 11:24:41.340448,2023-02-26 11:24:41.411874
rlf,queen8_8,64,728,0,12,2023-02-26 11:24:41.411878,2023-02-26 11:24:41.412196
guloso,queen8_8,64,728,0,12,2023-02-26 11:34:13.610463,2023-02-26 11:34:13.660530
dsatur,queen8_8,64,728,0,14,2023-02-26 11:34:13.660535,2023-02-26 11:34:13.700389
rlf,queen8_8,64,728,0,12,2023-02-26 11:34:13.700391,2023-02-26 11:34:13.700687
guloso,queen8_8,64,728,0,13,2023-02-26 11:43:56.694494,2023-02-26 11:43:56.746662
dsatur,queen8_8,64,728,0,13,2023-02-26 11:43:56.746668,2023-02-26 11:43:56.788142
rlf,queen8_8,64,728,0,13,2023-02-26 11:43:56.788144,2023-02-26 11:43:56.788445
guloso,queen8_8,64,728,0,13,2023-02-26 11:53:34.762529,2023-02-26 11:53:34.808269
dsatur,queen8_8,64,728,0,14,2023-02-26 11:53:34.808274,2023-02-26 11:53:34.862519
rlf,queen8_8,64,728,0,12,2023-02-26 11:53:34.862522,2023-02-26 11:53:34.862820
guloso,queen8_8,64,728,0,13,2023-02-26 12:03:12.107160,2023-02-26 12:03:12.154644
dsatur,queen8_8,64,728,0,13,2023-02-26 12:03:12.154649,2023-02-26 12:03:12.204023
rlf,queen8_8,64,728,0,13,2023-02-26 12:03:12.204026,2023-02-26 12:03:12.204328
guloso,queen8_8,64,728,0,13,2023-02-26 12:12:49.871164,2023-02-26 12:12:49.916861
dsatur,queen8_8,64,728,0,12,2023-02-26 12:12:49.916866,2023-02-26 12:12:49.966806
rlf,queen8_8,64,728,0,12,2023-02-26 12:12:49.966808,2023-02-26 12:12:49.967117
guloso,queen8_8,64,728,0,14,2023-02-26 12:22:32.175079,2023-02-26 12:22:32.220636
dsatur,queen8_8,64,728,0,13,2023-02-26 12:22:32.220641,2023-02-26 12:22:32.267137
rlf,queen8_8,64,728,0,14,2023-02-26 12:22:32.267141,2023-02-26 12:22:32.267457
guloso,queen8_8,64,728,0,11,2023-02-26 12:32:13.081547,2023-02-26 12:32:13.133844
dsatur,queen8_8,64,728,0,14,2023-02-26 12:32:13.133849,2023-02-26 12:32:13.177819
rlf,queen8_8,64,728,0,12,2023-02-26 12:32:13.177824,2023-02-26 12:32:13.178137
guloso,queen8_8,64,728,0,13,2023-02-26 12:41:56.704376,2023-02-26 12:41:56.752906
dsatur,queen8_8,64,728,0,11,2023-02-26 12:41:56.752912,2023-02-26 12:41:56.801035
rlf,queen8_8,64,728,0,12,2023-02-26 12:41:56.801038,2023-02-26 12:41:56.801353
guloso,queen8_8,64,728,0,13,2023-02-26 12:51:35.870703,2023-02-26 12:51:35.920973
dsatur,queen8_8,64,728,0,13,2023-02-26 12:51:35.920979,2023-02-26 12:51:35.966915
rlf,queen8_8,64,728,0,12,2023-02-26 12:51:35.966917,2023-02-26 12:51:35.967199
guloso,queen9_9,81,1056,0,14,2023-02-26 13:01:20.687212,2023-02-26 13:01:20.822314
dsatur,queen9_9,81,1056,0,15,2023-02-26 13:01:20.822319,2023-02-26 13:01:20.930040
rlf,queen9_9,81,1056,0,14,2023-02-26 13:01:20.930043,2023-02-26 13:01:20.930479
guloso,queen9_9,81,1056,0,14,2023-02-26 13:23:52.373608,2023-02-26 13:23:52.479695
dsatur,queen9_9,81,1056,0,14,2023-02-26 13:23:52.479700,2023-02-26 13:23:52.598900
rlf,queen9_9,81,1056,0,14,2023-02-26 13:23:52.598903,2023-02-26 13:23:52.599316
guloso,queen9_9,81,1056,0,13,2023-02-26 13:47:00.699217,2023-02-26 13:47:00.819524
dsatur,queen9_9,81,1056,0,15,2023-02-26 13:47:00.819531,2023-02-26 13:47:00.944962
rlf,queen9_9,81,1056,0,15,2023-02-26 13:47:00.944966,2023-02-26 13:47:00.945455
guloso,queen9_9,81,1056,0,14,2023-02-26 14:09:58.934119,2023-02-26 14:09:59.068601
dsatur,queen9_9,81,1056,0,14,2023-02-26 14:09:59.068606,2023-02-26 14:09:59.176600
rlf,queen9_9,81,1056,0,14,2023-02-26 14:09:59.176604,2023-02-26 14:09:59.177066
guloso,queen9_9,81,1056,0,13,2023-02-26 14:33:27.001321,2023-02-26 14:33:27.127681
dsatur,queen9_9,81,1056,0,14,2023-02-26 14:33:27.127687,2023-02-26 14:33:27.246067
rlf,queen9_9,81,1056,0,14,2023-02-26 14:33:27.246071,2023-02-26 14:33:27.246555
guloso,queen9_9,81,1056,0,14,2023-02-26 14:56:39.710606,2023-02-26 14:56:39.834258
dsatur,queen9_9,81,1056,0,14,2023-02-26 14:56:39.834264,2023-02-26 14:56:39.966779
rlf,queen9_9,81,1056,0,14,2023-02-26 14:56:39.966785,2023-02-26 14:56:39.967263
guloso,queen9_9,81,1056,0,13,2023-02-26 15:19:47.204042,2023-02-26 15:19:47.340633
dsatur,queen9_9,81,1056,0,14,2023-02-26 15:19:47.340638,2023-02-26 15:19:47.458610
rlf,queen9_9,81,1056,0,13,2023-02-26 15:19:47.458612,2023-02-26 15:19:47.459047
guloso,queen9_9,81,1056,0,14,2023-02-26 15:42:51.759863,2023-02-26 15:42:51.891822
dsatur,queen9_9,81,1056,0,13,2023-02-26 15:42:51.891827,2023-02-26 15:42:52.008843
rlf,queen9_9,81,1056,0,13,2023-02-26 15:42:52.008845,2023-02-26 15:42:52.009294
guloso,queen9_9,81,1056,0,15,2023-02-26 16:06:07.994058,2023-02-26 16:06:08.110596
dsatur,queen9_9,81,1056,0,14,2023-02-26 16:06:08.110601,2023-02-26 16:06:08.221542
rlf,queen9_9,81,1056,0,14,2023-02-26 16:06:08.221544,2023-02-26 16:06:08.221997
guloso,queen9_9,81,1056,0,13,2023-02-26 16:29:17.113442,2023-02-26 16:29:17.244790
dsatur,queen9_9,81,1056,0,13,2023-02-26 16:29:17.244794,2023-02-26 16:29:17.360728
rlf,queen9_9,81,1056,0,15,2023-02-26 16:29:17.360731,2023-02-26 16:29:17.361202
guloso,miles500,128,1170,0,23,2023-02-27 20:14:37.276688,2023-02-27 20:14:37.844580
dsatur,miles500,128,1170,0,20,2023-02-27 20:14:37.844585,2023-02-27 20:14:38.187176
rlf,miles500,128,1170,0,24,2023-02-27 20:14:38.187180,2023-02-27 20:14:38.187984
guloso,miles500,128,1170,0,22,2023-02-27 22:41:45.059287,2023-02-27 22:41:45.576481
dsatur,miles500,128,1170,0,21,2023-02-27 22:41:45.576486,2023-02-27 22:41:45.961005
rlf,miles500,128,1170,0,23,2023-02-27 22:41:45.961009,2023-02-27 22:41:45.961803
guloso,miles500,128,1170,0,22,2023-02-28 01:12:20.574725,2023-02-28 01:12:21.159800
dsatur,miles500,128,1170,0,21,2023-02-28 01:12:21.159805,2023-02-28 01:12:21.536530
rlf,miles500,128,1170,0,22,2023-02-28 01:12:21.536534,2023-02-28 01:12:21.537336
guloso,miles500,128,1170,0,22,2023-02-28 03:40:16.000364,2023-02-28 03:40:16.589453
dsatur,miles500,128,1170,0,21,2023-02-28 03:40:16.589459,2023-02-28 03:40:17.077391
rlf,miles500,128,1170,0,23,2023-02-28 03:40:17.077396,2023-02-28 03:40:17.078247
guloso,miles500,128,1170,0,24,2023-02-28 06:09:23.330177,2023-02-28 06:09:23.887009
dsatur,miles500,128,1170,0,20,2023-02-28 06:09:23.887015,2023-02-28 06:09:24.277000
rlf,miles500,128,1170,0,21,2023-02-28 06:09:24.277003,2023-02-28 06:09:24.277830
guloso,miles500,128,1170,0,21,2023-02-28 08:38:42.980062,2023-02-28 08:38:43.585439
dsatur,miles500,128,1170,0,20,2023-02-28 08:38:43.585444,2023-02-28 08:38:43.947352
rlf,miles500,128,1170,0,21,2023-02-28 08:38:43.947355,2023-02-28 08:38:43.948173
guloso,miles500,128,1170,0,21,2023-02-28 11:07:03.819424,2023-02-28 11:07:04.348125
dsatur,miles500,128,1170,0,21,2023-02-28 11:07:04.348131,2023-02-28 11:07:04.764610
rlf,miles500,128,1170,0,22,2023-02-28 11:07:04.764614,2023-02-28 11:07:04.765473
guloso,miles500,128,1170,0,22,2023-02-28 13:35:07.986479,2023-02-28 13:35:08.669241
dsatur,miles500,128,1170,0,20,2023-02-28 13:35:08.669247,2023-02-28 13:35:09.057664
rlf,miles500,128,1170,0,21,2023-02-28 13:35:09.057672,2023-02-28 13:35:09.058934
guloso,miles500,128,1170,0,21,2023-02-28 16:03:02.424035,2023-02-28 16:03:03.063072
dsatur,miles500,128,1170,0,20,2023-02-28 16:03:03.063077,2023-02-28 16:03:03.447751
rlf,miles500,128,1170,0,23,2023-02-28 16:03:03.447756,2023-02-28 16:03:03.448622
guloso,miles500,128,1170,0,22,2023-02-28 18:30:35.270439,2023-02-28 18:30:35.924945
dsatur,miles500,128,1170,0,20,2023-02-28 18:30:35.924950,2023-02-28 18:30:36.293111
rlf,miles500,128,1170,0,23,2023-02-28 18:30:36.293117,2023-02-28 18:30:36.293996
guloso,miles750,128,2113,0,34,2023-02-28 20:59:19.468419,2023-02-28 20:59:20.106576
dsatur,miles750,128,2113,0,32,2023-02-28 20:59:20.106581,2023-02-28 20:59:20.480550
rlf,miles750,128,2113,0,35,2023-02-28 20:59:20.480555,2023-02-28 20:59:20.481689
guloso,miles750,128,2113,0,32,2023-02-28 23:43:50.497760,2023-02-28 23:43:51.176278
dsatur,miles750,128,2113,0,31,2023-02-28 23:43:51.176283,2023-02-28 23:43:51.812470
rlf,miles750,128,2113,0,35,2023-02-28 23:43:51.812474,2023-02-28 23:43:51.813503
guloso,miles750,128,2113,0,35,2023-03-01 02:28:13.879362,2023-03-01 02:28:14.509323
dsatur,miles750,128,2113,0,32,2023-03-01 02:28:14.509328,2023-03-01 02:28:14.921477
rlf,miles750,128,2113,0,35,2023-03-01 02:28:14.921482,2023-03-01 02:28:14.922520
guloso,miles750,128,2113,0,33,2023-03-01 05:11:29.149471,2023-03-01 05:11:29.821124
dsatur,miles750,128,2113,0,31,2023-03-01 05:11:29.821129,2023-03-01 05:11:30.209268
rlf,miles750,128,2113,0,33,2023-03-01 05:11:30.209272,2023-03-01 05:11:30.210335
guloso,miles750,128,2113,0,32,2023-03-01 07:55:01.623288,2023-03-01 07:55:02.334800
dsatur,miles750,128,2113,0,31,2023-03-01 07:55:02.334804,2023-03-01 07:55:02.757808
rlf,miles750,128,2113,0,34,2023-03-01 07:55:02.757811,2023-03-01 07:55:02.758866
guloso,miles750,128,2113,0,34,2023-03-01 10:39:36.585617,2023-03-01 10:39:37.254099
dsatur,miles750,128,2113,0,31,2023-03-01 10:39:37.254105,2023-03-01 10:39:37.861240
rlf,miles750,128,2113,0,35,2023-03-01 10:39:37.861244,2023-03-01 10:39:37.862301
guloso,miles750,128,2113,0,33,2023-03-01 13:22:59.476857,2023-03-01 13:23:00.089703
dsatur,miles750,128,2113,0,31,2023-03-01 13:23:00.089708,2023-03-01 13:23:00.544507
rlf,miles750,128,2113,0,35,2023-03-01 13:23:00.544511,2023-03-01 13:23:00.545602
guloso,miles750,128,2113,0,34,2023-03-01 16:06:54.574980,2023-03-01 16:06:55.288877
dsatur,miles750,128,2113,0,31,2023-03-01 16:06:55.288882,2023-03-01 16:06:55.893550
rlf,miles750,128,2113,0,35,2023-03-01 16:06:55.893555,2023-03-01 16:06:55.894597
guloso,miles750,128,2113,0,35,2023-03-01 18:52:41.126839,2023-03-01 18:52:41.816934
dsatur,miles750,128,2113,0,31,2023-03-01 18:52:41.816940,2023-03-01 18:52:42.231613
rlf,miles750,128,2113,0,35,2023-03-01 18:52:42.231617,2023-03-01 18:52:42.232708
guloso,miles750,128,2113,0,34,2023-03-01 21:38:04.505134,2023-03-01 21:38:05.182197
dsatur,miles750,128,2113,0,31,2023-03-01 21:38:05.182201,2023-03-01 21:38:05.573076
rlf,miles750,128,2113,0,34,2023-03-01 21:38:05.573080,2023-03-01 21:38:05.574161
guloso,miles1000,128,3216,0,46,2023-03-06 20:31:06.885538,2023-03-06 20:31:07.691394
dsatur,miles1000,128,3216,0,42,2023-03-06 20:31:07.691400,2023-03-06 20:31:08.116129
rlf,miles1000,128,3216,0,46,2023-03-06 20:31:08.116133,2023-03-06 20:31:08.117394
guloso,miles1000,128,3216,0,45,2023-03-06 23:22:46.233938,2023-03-06 23:22:47.011487
dsatur,miles1000,128,3216,0,43,2023-03-06 23:22:47.011491,2023-03-06 23:22:47.773186
rlf,miles1000,128,3216,0,46,2023-03-06 23:22:47.773190,2023-03-06 23:22:47.774573
guloso,miles1000,128,3216,0,47,2023-03-07 01:58:25.185159,2023-03-07 01:58:26.018744
dsatur,miles1000,128,3216,0,44,2023-03-07 01:58:26.018749,2023-03-07 01:58:26.790754
rlf,miles1000,128,3216,0,45,2023-03-07 01:58:26.790758,2023-03-07 01:58:26.792135
guloso,miles1000,128,3216,0,46,2023-03-07 04:32:17.191997,2023-03-07 04:32:17.974253
dsatur,miles1000,128,3216,0,42,2023-03-07 04:32:17.974257,2023-03-07 04:32:18.446042
rlf,miles1000,128,3216,0,48,2023-03-07 04:32:18.446046,2023-03-07 04:32:18.447449
guloso,miles1000,128,3216,0,44,2023-03-07 07:06:55.436108,2023-03-07 07:06:56.239141
dsatur,miles1000,128,3216,0,42,2023-03-07 07:06:56.239146,2023-03-07 07:06:56.697741
rlf,miles1000,128,3216,0,43,2023-03-07 07:06:56.697746,2023-03-07 07:06:56.699067
guloso,miles1000,128,3216,0,46,2023-03-07 09:41:04.157929,2023-03-07 09:41:05.005858
dsatur,miles1000,128,3216,0,42,2023-03-07 09:41:05.005863,2023-03-07 09:41:05.488148
rlf,miles1000,128,3216,0,47,2023-03-07 09:41:05.488153,2023-03-07 09:41:05.489581
guloso,miles1000,128,3216,0,45,2023-03-07 12:16:19.179914,2023-03-07 12:16:20.138609
dsatur,miles1000,128,3216,0,43,2023-03-07 12:16:20.138614,2023-03-07 12:16:20.661012
rlf,miles1000,128,3216,0,46,2023-03-07 12:16:20.661017,2023-03-07 12:16:20.662404
guloso,miles1000,128,3216,0,44,2023-03-07 14:52:15.196357,2023-03-07 14:52:16.015339
dsatur,miles1000,128,3216,0,42,2023-03-07 14:52:16.015344,2023-03-07 14:52:16.488114
rlf,miles1000,128,3216,0,46,2023-03-07 14:52:16.488119,2023-03-07 14:52:16.489521
guloso,miles1000,128,3216,0,46,2023-03-07 17:27:01.742075,2023-03-07 17:27:02.634122
dsatur,miles1000,128,3216,0,43,2023-03-07 17:27:02.634127,2023-03-07 17:27:03.182919
rlf,miles1000,128,3216,0,46,2023-03-07 17:27:03.182923,2023-03-07 17:27:03.184314
guloso,miles1000,128,3216,0,44,2023-03-07 20:02:14.079386,2023-03-07 20:02:14.841192
dsatur,miles1000,128,3216,0,44,2023-03-07 20:02:14.841197,2023-03-07 20:02:15.636809
rlf,miles1000,128,3216,0,47,2023-03-07 20:02:15.636813,2023-03-07 20:02:15.638188